{
  "version": 1,
  "author": "PRAMESWARI AULIA SHAKIRA PUTRI",
  "editor": "wokwi",
  "parts": [
    { "type": "board-esp32-devkit-c-v4", "id": "esp", "top": 0, "left": 0, "attrs": {} },
    {
      "type": "wokwi-led",
      "id": "led1",
      "top": -70.8,
      "left": 138.2,
      "attrs": { "color": "red" }
    },
    {
      "type": "wokwi-led",
      "id": "led2",
      "top": -70.8,
      "left": 215,
      "attrs": { "color": "yellow" }
    },
    {
      "type": "wokwi-led",
      "id": "led3",
      "top": -70.8,
      "left": 282.2,
      "attrs": { "color": "green" }
    },
    {
      "type": "wokwi-resistor",
      "id": "r1",
      "top": 14.4,
      "left": 277.85,
      "rotate": 90,
      "attrs": { "value": "1000" }
    },
    {
      "type": "wokwi-resistor",
      "id": "r2",
      "top": 14.4,
      "left": 143.45,
      "rotate": 90,
      "attrs": { "value": "1000" }
    },
    {
      "type": "wokwi-resistor",
      "id": "r3",
      "top": 14.4,
      "left": 210.65,
      "rotate": 90,
      "attrs": { "value": "1000" }
    }
  ],
  "connections": [
    [ "esp:TX", "$serialMonitor:RX", "", [] ],
    [ "esp:RX", "$serialMonitor:TX", "", [] ],
    [ "led1:C", "esp:GND.2", "green", [ "v0" ] ],
    [ "led2:C", "esp:GND.2", "green", [ "v0" ] ],
    [ "led3:C", "esp:GND.2", "green", [ "v0" ] ],
    [ "led1:A", "r2:1", "green", [ "v0" ] ],
    [ "led2:A", "r3:1", "green", [ "v0" ] ],
    [ "led3:A", "r1:1", "green", [ "v0" ] ],
    [ "r2:2", "esp:16", "green", [ "v85.2", "h-72.04" ] ],
    [ "r3:2", "esp:17", "green", [ "v75.6", "h-139.24" ] ],
    [ "r1:2", "esp:18", "green", [ "v56.4", "h-206.44" ] ]
  ],
  "dependencies": {}
}